keys,en,ja,ko,zh_Hans,zh_Hant,de,fr,es,pt_BR,it,ar,ru
APP_TITLE,Tiny Block,Tiny Block,Tiny Block,Tiny Block,Tiny Block,Tiny Block,Tiny Block,Tiny Block,Tiny Block,Tiny Block,Tiny Block,Tiny Block
COMMON_CANCEL,Cancel,キャンセル,취소,取消,取消,Abbrechen,Annuler,Cancelar,Cancelar,Annulla,إلغاء,Отмена
COMMON_CLOSE,Close,閉じる,닫기,关闭,關閉,Schließen,Fermer,Cerrar,Fechar,Chiudi,إغلاق,Закрыть
COMMON_CONFIRM,Confirm,確認,확인,确认,確認,Bestätigen,Confirmer,Confirmar,Confirmar,Conferma,تأكيد,Подтвердить
COMMON_DELETE,Delete,削除,삭제,删除,刪除,Löschen,Supprimer,Eliminar,Excluir,Elimina,حذف,Удалить
COMMON_RETRY,Retry,再試行,다시 시도,重试,重試,Erneut versuchen,Réessayer,Reintentar,Tentar novamente,Riprova,إعادة المحاولة,Повторить
COMMON_DONE,Done,完了,완료,完成,完成,Fertig,Terminé,Listo,Concluído,Fatto,تم,Готово
ADS_RESCUE_TITLE,Emergency rescue,緊急救助,긴급 구조,紧急救援,緊急救援,Notfallrettung,Sauvetage d’urgence,Rescate de emergencia,Resgate de emergência,Salvataggio d’emergenza,إنقاذ طارئ,Экстренное спасение
ADS_RESCUE_BODY,"Watch a short ad to continue here with full health. Rescues left this session: %d","短い広告を見て、体力全快でここから続けます。今回の残り救助回数：%d","짧은 광고를 보고 체력을 모두 회복한 채 여기서 계속하세요. 이번 세션 남은 구조: %d","观看短广告，在原地满血继续。本次游戏剩余救援：%d","觀看短廣告，在原地滿血繼續。本次遊戲剩餘救援：%d","Sieh eine kurze Werbung und spiele hier mit voller Gesundheit weiter. Verbleibende Rettungen: %d","Regardez une courte publicité pour reprendre ici avec toute votre santé. Sauvetages restants : %d","Mira un anuncio corto para continuar aquí con toda la salud. Rescates restantes: %d","Assista a um anúncio curto para continuar aqui com a vida cheia. Resgates restantes: %d","Guarda un breve annuncio per continuare da qui con tutta la salute. Salvataggi rimasti: %d","شاهد إعلانًا قصيرًا للمتابعة من هنا بصحة كاملة. عمليات الإنقاذ المتبقية: %d","Посмотрите короткую рекламу, чтобы продолжить здесь с полным здоровьем. Осталось спасений: %d"
ADS_RESCUE_WATCH,Watch & rescue,広告を見て救助,광고 보고 구조,观看并救援,觀看並救援,Ansehen & retten,Regarder et sauver,Ver y rescatar,Assistir e resgatar,Guarda e salva,شاهد وأنقذ,Смотреть и спастись
ADS_RESCUE_RESPAWN,Respawn,リスポーン,리스폰,重生,重生,Neu erscheinen,Réapparaître,Reaparecer,Renascer,Ricomparire,إعادة الظهور,Возродиться
ADS_SPAWN_TITLE,Set spawn now?,今すぐリスポーン地点を設定しますか？,지금 부활 지점을 설정할까요?,立即设置重生点？,立即設定重生點？,Spawnpunkt jetzt setzen?,Définir le point maintenant ?,¿Establecer la reaparición ahora?,Definir renascimento agora?,Impostare ora il punto di rinascita?,تعيين نقطة العودة الآن؟,Задать точку сейчас?
ADS_SPAWN_BODY,"Watch a short ad to skip the %s cooldown and set this as your spawn point.","短い広告を見て、%sの待ち時間をスキップし、ここをリスポーン地点に設定します。","짧은 광고를 보고 %s 대기 시간을 건너뛰어 이곳을 부활 지점으로 설정하세요.","观看短广告，跳过%s冷却并将这里设为重生点。","觀看短廣告，跳過%s冷卻並將這裡設為重生點。","Sieh eine kurze Werbung, überspringe die Wartezeit von %s und setze diesen Spawnpunkt.","Regardez une courte publicité pour ignorer le délai de %s et définir ce point.","Mira un anuncio corto para omitir la espera de %s y establecer este punto.","Assista a um anúncio curto para ignorar a espera de %s e definir este ponto.","Guarda un breve annuncio per saltare l’attesa di %s e impostare questo punto.","شاهد إعلانًا قصيرًا لتجاوز وقت الانتظار %s وتعيين هذه النقطة.","Посмотрите короткую рекламу, чтобы пропустить ожидание %s и задать эту точку."
ADS_SPAWN_WATCH,Watch & set,広告を見て設定,광고 보고 설정,观看并设置,觀看並設定,Ansehen & setzen,Regarder et définir,Ver y establecer,Assistir e definir,Guarda e imposta,شاهد وعيّن,Смотреть и задать
ADS_SPAWN_WAIT,Wait,待つ,기다리기,等待,等待,Warten,Attendre,Esperar,Esperar,Attendi,انتظار,Подождать
ADS_SPAWN_UNAVAILABLE,Ad is not ready yet.,広告はまだ準備できていません。,광고가 아직 준비되지 않았어요.,广告尚未准备好。,廣告尚未準備好.,Die Werbung ist noch nicht bereit.,La publicité n’est pas encore prête.,El anuncio aún no está listo.,O anúncio ainda não está pronto.,L’annuncio non è ancora pronto.,الإعلان غير جاهز بعد.,Реклама ещё не готова.
ADS_SPAWN_NOT_EARNED,Watch the full ad to set the spawn point.,リスポーン地点を設定するには広告を最後まで見てください。,부활 지점을 설정하려면 광고를 끝까지 시청하세요.,请完整观看广告以设置重生点。,請完整觀看廣告以設定重生點.,Sieh die Werbung vollständig an, um den Spawnpunkt zu setzen.,Regardez la publicité en entier pour définir le point.,Mira el anuncio completo para establecer la reaparición.,Assista ao anúncio completo para definir o renascimento.,Guarda l’annuncio completo per impostare il punto.,شاهد الإعلان كاملًا لتعيين نقطة العودة.,Посмотрите рекламу полностью, чтобы задать точку.
WORLD_SELECT_TITLE,Your worlds,あなたのワールド,내 월드,你的世界,你的世界,Deine Welten,Vos mondes,Tus mundos,Seus mundos,I tuoi mondi,عوالمك,Ваши миры
WORLD_CONTINUE,Continue,続ける,계속하기,继续,繼續,Fortsetzen,Continuer,Continuar,Continuar,Continua,متابعة,Продолжить
WORLD_NEW,New world,新しいワールド,새 월드,新世界,新世界,Neue Welt,Nouveau monde,Nuevo mundo,Novo mundo,Nuovo mondo,عالم جديد,Новый мир
WORLD_SELECT_MODE,Choose world type,ワールドタイプを選択,월드 유형 선택,选择世界类型,選擇世界類型,Welttyp auswählen,Choisir le type de monde,Elige el tipo de mundo,Escolha o tipo de mundo,Scegli il tipo di mondo,اختر نوع العالم,Выберите тип мира
WORLD_NEW_SKYBLOCK,New Skyblock World,新しいスカイブロックワールド,새 스카이블록 월드,新建空岛世界,新增空島世界,Neue Skyblock-Welt,Nouveau monde Skyblock,Nuevo mundo Skyblock,Novo mundo Skyblock,Nuovo mondo Skyblock,عالم سكاي بلوك جديد,Новый мир Skyblock
WORLD_NEW_FLOATING_ISLANDS,New Floating Islands World,新しい浮遊島ワールド,새 플로팅 아일랜드 월드,新建浮空岛世界,新增浮空島世界,Neue schwebende Inselwelt,Nouveau monde d’îles flottantes,Nuevo mundo de islas flotantes,Novo mundo de ilhas flutuantes,Nuovo mondo di isole fluttuanti,عالم جزر عائمة جديد,Новый мир парящих островов
WORLD_NEW_RANDOM,New random world,新しいランダムワールド,새 무작위 월드,新建随机世界,新增隨機世界,Neue Zufallswelt,Nouveau monde aléatoire,Nuevo mundo aleatorio,Novo mundo aleatório,Nuovo mondo casuale,عالم عشوائي جديد,Новый случайный мир
WORLD_NEW_ONE_BLOCK,New One Block World,新しいワンブロックワールド,새 원블록 월드,新建单方块世界,新增單方塊世界,Neue One-Block-Welt,Nouveau monde One Block,Nuevo mundo One Block,Novo mundo One Block,Nuovo mondo One Block,عالم بلوك واحد جديد,Новый мир One Block
WORLD_CREATE,Create world,ワールドを作成,월드 만들기,创建世界,建立世界,Welt erstellen,Créer le monde,Crear mundo,Criar mundo,Crea mondo,إنشاء عالم,Создать мир
WORLD_DEFAULT_NAME,My world,マイワールド,내 월드,我的世界,我的世界,Meine Welt,Mon monde,Mi mundo,Meu mundo,Il mio mondo,عالمي,Мой мир
WORLD_EMPTY,No saved worlds yet,保存されたワールドはありません,저장된 월드가 없습니다,暂无已保存的世界,尚無已儲存的世界,Noch keine Welten gespeichert,Aucun monde sauvegardé,Todavía no hay mundos guardados,Ainda não há mundos salvos,Nessun mondo salvato,لا توجد عوالم محفوظة بعد,Сохранённых миров пока нет
WORLD_SAVED,Saved worlds,保存されたワールド,저장된 월드,已保存的世界,已儲存的世界,Gespeicherte Welten,Mondes sauvegardés,Mundos guardados,Mundos salvos,Mondi salvati,العوالم المحفوظة,Сохранённые миры
WORLD_MODE_SKYBLOCK,Skyblock,スカイブロック,스카이블록,空岛,空島,Skyblock,Skyblock,Skyblock,Skyblock,Skyblock,سكاي بلوك,Skyblock
WORLD_MODE_FLOATING_ISLANDS,Floating Islands,浮遊島,플로팅 아일랜드,浮空岛,浮空島,Schwebende Inseln,Îles flottantes,Islas flotantes,Ilhas flutuantes,Isole fluttuanti,جزر عائمة,Парящие острова
WORLD_MODE_RANDOM,Random world,ランダムワールド,무작위 월드,随机世界,隨機世界,Zufallswelt,Monde aléatoire,Mundo aleatorio,Mundo aleatório,Mondo casuale,عالم عشوائي,Случайный мир
WORLD_MODE_ONE_BLOCK,One Block,One Block,One Block,单方块,單方塊,One Block,One Block,One Block,One Block,One Block,بلوك واحد,One Block
ONE_BLOCK_PHASE,One Block • Phase %d/%d,One Block・フェーズ %d/%d,One Block • 단계 %d/%d,单方块 • 阶段 %d/%d,單方塊 • 階段 %d/%d,One Block • Phase %d/%d,One Block • Phase %d/%d,One Block • Fase %d/%d,One Block • Fase %d/%d,One Block • Fase %d/%d,بلوك واحد • المرحلة %d/%d,One Block • Фаза %d/%d
ONE_BLOCK_AFTERPHASE,One Block • Afterphase,One Block・アフターフェーズ,One Block • 애프터페이즈,单方块 • 无限阶段,單方塊 • 無限階段,One Block • Endlosphase,One Block • Phase infinie,One Block • Fase infinita,One Block • Fase infinita,One Block • Fase infinita,بلوك واحد • المرحلة اللانهائية,One Block • Бесконечная фаза
WORLD_LAST_PLAYED,Last played: %s,最終プレイ：%s,마지막 플레이: %s,上次游玩：%s,上次遊玩：%s,Zuletzt gespielt: %s,Dernière partie : %s,Última partida: %s,Última partida: %s,Ultima partita: %s,آخر لعب: %s,Последняя игра: %s
WORLD_NEW_CONFIRM_TITLE,Create a new world?,新しいワールドを作成しますか？,새 월드를 만들까요?,要创建新世界吗？,要建立新世界嗎？,Neue Welt erstellen?,Créer un nouveau monde ?,¿Crear un mundo nuevo?,Criar um novo mundo?,Creare un nuovo mondo?,هل تريد إنشاء عالم جديد؟,Создать новый мир?
WORLD_NEW_CONFIRM_BODY,Your current world will remain saved.,現在のワールドは保存されたままです。,현재 월드는 저장된 상태로 유지됩니다.,当前世界将继续保留。,目前的世界會繼續保留。,Deine aktuelle Welt bleibt gespeichert.,Votre monde actuel restera sauvegardé.,Tu mundo actual seguirá guardado.,Seu mundo atual continuará salvo.,Il mondo attuale resterà salvato.,سيظل عالمك الحالي محفوظًا.,Текущий мир останется сохранённым.
WORLD_DELETE_CONFIRM_TITLE,Delete this world?,このワールドを削除しますか？,이 월드를 삭제할까요?,要删除这个世界吗？,要刪除這個世界嗎？,Diese Welt löschen?,Supprimer ce monde ?,¿Eliminar este mundo?,Excluir este mundo?,Eliminare questo mondo?,هل تريد حذف هذا العالم؟,Удалить этот мир?
WORLD_DELETE_CONFIRM_BODY,This cannot be undone.,この操作は取り消せません。,이 작업은 취소할 수 없습니다.,此操作无法撤销。,此操作無法復原.,Dies kann nicht rückgängig gemacht werden.,Cette action est irréversible.,Esta acción no se puede deshacer.,Esta ação não pode ser desfeita.,Questa azione non può essere annullata.,لا يمكن التراجع عن هذا الإجراء.,Это действие нельзя отменить.
WORLD_DELETE_FAILED,Could not delete this world.,このワールドを削除できませんでした。,이 월드를 삭제하지 못했습니다.,无法删除此世界。,無法刪除此世界.,Diese Welt konnte nicht gelöscht werden.,Impossible de supprimer ce monde.,No se pudo eliminar este mundo.,Não foi possível excluir este mundo.,Impossibile eliminare questo mondo.,تعذر حذف هذا العالم.,Не удалось удалить этот мир.
UI_INVENTORY,Inventory,インベントリ,인벤토리,物品栏,物品欄,Inventar,Inventaire,Inventario,Inventário,Inventario,المخزون,Инвентарь
UI_CRAFT,Craft,クラフト,제작,合成,合成,Herstellen,Fabriquer,Fabricar,Criar,Crea,صناعة,Создание
UI_CHEST,Chest,チェスト,상자,箱子,箱子,Truhe,Coffre,Cofre,Baú,Baule,صندوق,Сундук
UI_CHEST_TRANSFER_HINT,Chest · Tap: 1 · Hold: stack,チェスト・タップ: 1個・長押し: スタック,상자 · 탭: 1개 · 길게: 묶음,箱子 · 点击: 1个 · 长按: 整组,箱子 · 點擊: 1個 · 長按: 整組,Truhe · Tippen: 1 · Halten: Stapel,Coffre · Toucher : 1 · Maintenir : pile,Cofre · Toque: 1 · Mantener: pila,Baú · Toque: 1 · Segure: pilha,Baule · Tocca: 1 · Tieni: pila,الصندوق · اضغط: 1 · استمر: المجموعة,Сундук · Нажать: 1 · Удерживать: стак
UI_RESULT,Result,結果,결과,结果,結果,Ergebnis,Résultat,Resultado,Resultado,Risultato,النتيجة,Результат
UI_RECIPES,Recipes,レシピ,제작법,配方,配方,Rezepte,Recettes,Recetas,Receitas,Ricette,الوصفات,Рецепты
UI_MAIN_MENU,Main menu,メインメニュー,메인 메뉴,主菜单,主選單,Hauptmenü,Menu principal,Menú principal,Menu principal,Menu principale,القائمة الرئيسية,Главное меню
UI_MUSIC_VOLUME,Music,音楽,음악,音乐,音樂,Musik,Musique,Música,Música,Musica,الموسيقى,Музыка
UI_EMPTY_INVENTORY,Your inventory is empty,インベントリは空です,인벤토리가 비어 있습니다,物品栏为空,物品欄是空的,Dein Inventar ist leer,Votre inventaire est vide,Tu inventario está vacío,Seu inventário está vazio,Il tuo inventario è vuoto,مخزونك فارغ,Инвентарь пуст
UI_EQUIP,Equip,装備,장착,装备,裝備,Ausrüsten,Équiper,Equipar,Equipar,Equipaggia,تجهيز,Выбрать
UI_UNEQUIP,Unequip,外す,장착 해제,卸下,卸下,Ablegen,Retirer,Desequipar,Desequipar,Rimuovi,نزع,Снять
UI_EQUIPMENT,Equipment,装備,장비,装备,裝備,Ausrüstung,Équipement,Equipo,Equipamento,Equipaggiamento,المعدات,Снаряжение
UI_HAND,Hand,手,손,手部,手部,Hand,Main,Mano,Mão,Mano,اليد,Рука
UI_FEET,Feet,足,발,脚部,腳部,Füße,Pieds,Pies,Pés,Piedi,القدمان,Ноги
UI_EMPTY_SLOT,Empty,空,비어 있음,空,空,Leer,Vide,Vacío,Vazio,Vuoto,فارغ,Пусто
UI_SELECTED,Selected,選択中,선택됨,已选择,已選取,Ausgewählt,Sélectionné,Seleccionado,Selecionado,Selezionato,محدد,Выбрано
ENTITY_DETAILS_TITLE,Entity details,エンティティの詳細,개체 정보,实体详情,實體詳情,Objektdetails,Détails de l'entité,Detalles de la entidad,Detalhes da entidade,Dettagli entità,تفاصيل العنصر,Описание сущности
ENTITY_KIND_BLOCK,Block,ブロック,블록,方块,方塊,Block,Bloc,Bloque,Bloco,Blocco,كتلة,Блок
ENTITY_KIND_PLANT,Plant,植物,식물,植物,植物,Pflanze,Plante,Planta,Planta,Pianta,نبات,Растение
ENTITY_KIND_CREATURE,Creature,生き物,생물,生物,生物,Kreatur,Créature,Criatura,Criatura,Creatura,مخلوق,Существо
ENTITY_KIND_ITEM,Item,アイテム,아이템,物品,物品,Gegenstand,Objet,Objeto,Item,Oggetto,عنصر,Предмет
ENTITY_DESCRIPTION_BLOCK,A material that can be placed and combined with other discoveries.,配置したり他の発見物と組み合わせたりできる素材です。,배치하거나 다른 발견물과 조합할 수 있는 재료입니다.,一种可以放置并与其他发现物组合的材料。,一種可以放置並與其他發現物組合的材料。,Ein Material zum Platzieren und Kombinieren mit anderen Entdeckungen.,Un matériau à placer et à combiner avec d'autres découvertes.,Un material que puedes colocar y combinar con otros descubrimientos.,Um material que pode ser colocado e combinado com outras descobertas.,Un materiale che può essere piazzato e combinato con altre scoperte.,مادة يمكن وضعها ودمجها مع اكتشافات أخرى.,"Материал, который можно размещать и смешивать с другими открытиями."
ENTITY_DESCRIPTION_PLANT,A living discovery that grows when its habitat requirements are met.,生育環境が整うと成長する生きた発見物です。,서식 조건이 맞으면 자라는 살아 있는 발견물입니다.,一种在满足生境条件时会生长的生命发现物。,一種在滿足棲地條件時會生長的生命發現物.,"Eine lebende Entdeckung, die bei passenden Lebensbedingungen wächst.",Une découverte vivante qui pousse lorsque son habitat lui convient.,Un descubrimiento vivo que crece cuando se cumplen sus condiciones de hábitat.,Uma descoberta viva que cresce quando as condições do habitat são atendidas.,Una scoperta vivente che cresce quando l'habitat è adatto.,اكتشاف حي ينمو عند توافر ظروف موطنه.,"Живое открытие, которое растёт в подходящей среде."
ENTITY_DESCRIPTION_CREATURE,A native creature with its own movement and behavior.,独自の動きと行動を持つ生き物です。,고유한 움직임과 행동을 가진 생물입니다.,一种拥有独特移动方式和行为的生物。,一種擁有獨特移動方式和行為的生物。,Eine Kreatur mit eigener Bewegung und eigenem Verhalten.,Une créature avec ses propres déplacements et comportements.,Una criatura con movimiento y comportamiento propios.,Uma criatura com movimento e comportamento próprios.,Una creatura con movimenti e comportamento propri.,مخلوق له أسلوب حركة وسلوك خاصان به.,Существо со своим способом передвижения и поведением.
ENTITY_DESCRIPTION_ITEM,A hotbar item whose effects work while it is selected.,選択中に効果を発揮するホットバーアイテムです。,선택되어 있을 때 효과가 적용되는 핫바 아이템입니다.,一种在快捷栏中选中时生效的物品。,一種在快捷欄中選取時生效的物品.,"Ein Hotbar-Gegenstand, dessen Effekte aktiv sind, solange er ausgewählt ist.",Un objet de barre rapide dont les effets s'appliquent lorsqu'il est sélectionné.,Un objeto de la barra rápida cuyos efectos funcionan mientras está seleccionado.,Um item da barra rápida cujos efeitos funcionam enquanto está selecionado.,Un oggetto della barra rapida i cui effetti funzionano quando è selezionato.,عنصر في الشريط السريع تعمل تأثيراته عند تحديده.,"Предмет хотбара, эффекты которого действуют, пока он выбран."
ENTITY_CHEST,Chest,チェスト,상자,箱子,箱子,Truhe,Coffre,Cofre,Baú,Baule,صندوق,Сундук
ENTITY_DESCRIPTION_CHEST,A wooden container that stores up to twelve kinds of items.,最大12種類のアイテムを保管できる木製の容器です。,최대 열두 종류의 아이템을 보관하는 나무 상자입니다.,可存放最多十二种物品的木制容器。,可存放最多十二種物品的木製容器。,"Ein Holzbehälter für bis zu zwölf verschiedene Gegenstände.",Un coffre en bois pouvant stocker douze types d’objets.,Un contenedor de madera que guarda hasta doce tipos de objetos.,Um recipiente de madeira que armazena até doze tipos de itens.,Un contenitore di legno che conserva fino a dodici tipi di oggetti.,حاوية خشبية تخزن ما يصل إلى اثني عشر نوعا من العناصر.,Деревянный контейнер для хранения двенадцати видов предметов.
ENTITY_POTTED_FERN,Potted Fern,鉢植えのシダ,화분 고사리,盆栽蕨,盆栽蕨,Topffarn,Fougère en pot,Helecho en maceta,Samambaia em vaso,Felce in vaso,سرخس في أصيص,Папоротник в горшке
ENTITY_DESCRIPTION_POTTED_FERN,A hardy fern kept in a warm clay pot for decorating shelters and ruins.,シェルターや遺跡を飾る素焼き鉢の丈夫なシダです。,쉐터와 폐허를 꾸미는 따뜻한 토분의 튼튼한 고사리입니다.,种在温暖陶盆中、用来装饰庇护所和遗迹的坚韧蕨类。,種在溫暖陶盆中、用來裝飾庇護所和遺跡的堅韌蕨類。,Ein robuster Farn in einem warmen Tontopf zur Dekoration von Unterständen und Ruinen.,Une fougère robuste dans un pot en terre cuite pour décorer abris et ruines.,Un helecho resistente en una cálida maceta de barro para decorar refugios y ruinas.,Uma samambaia resistente em um vaso de barro para decorar abrigos e ruínas.,Una felce resistente in un caldo vaso di terracotta per decorare rifugi e rovine.,سرخس قوي في أصيص فخاري لتزيين الملاجئ والأطلال.,Выносливый папоротник в тёплом глиняном горшке для украшения укрытий и руин.
DISCOVERY_PROPERTY_HEALTH,Health,体力,체력,生命值,生命值,Leben,Santé,Salud,Vida,Salute,الصحة,Здоровье
DISCOVERY_PROPERTY_CREATURE_SPEED,Movement speed,移動速度,이동 속도,移动速度,移動速度,Bewegungstempo,Vitesse de déplacement,Velocidad de movimiento,Velocidade de movimento,Velocità di movimento,سرعة الحركة,Скорость движения
DISCOVERY_PROPERTY_GROWTH_STAGES,Growth stages,成長段階,성장 단계,生长阶段,生長階段,Wachstumsstufen,Étapes de croissance,Etapas de crecimiento,Estágios de crescimento,Fasi di crescita,مراحل النمو,Стадии роста
DISCOVERY_PROPERTY_MAX_LENGTH,Maximum size,最大サイズ,최대 크기,最大尺寸,最大尺寸,Maximale Größe,Taille maximale,Tamaño máximo,Tamanho máximo,Dimensione massima,الحجم الأقصى,Максимальный размер
DISCOVERY_PROPERTY_HARVEST,Harvest yield,収穫量,수확량,收获数量,收穫數量,Ernteertrag,Rendement,Cosecha,Rendimento,Raccolto,كمية الحصاد,Урожай
DISCOVERY_PROPERTY_LIGHT_PREFERENCE,Preferred light,好みの明るさ,선호 밝기,偏好光照,偏好光照,Bevorzugtes Licht,Lumière préférée,Luz preferida,Luz preferida,Luce preferita,الإضاءة المفضلة,Предпочитаемый свет
CREATURE_LIGHT_DARK,Dark places,暗い場所,어두운 곳,黑暗处,黑暗處,Dunkle Orte,Endroits sombres,Lugares oscuros,Lugares escuros,Luoghi bui,الأماكن المظلمة,Тёмные места
CREATURE_LIGHT_BRIGHT,Bright places,明るい場所,밝은 곳,明亮处,明亮處,Helle Orte,Endroits lumineux,Lugares luminosos,Lugares claros,Luoghi luminosi,الأماكن المضيئة,Светлые места
CREATURE_LIGHT_NEUTRAL,No preference,こだわらない,상관없음,无偏好,無偏好,Keine Präferenz,Aucune préférence,Sin preferencia,Sem preferência,Nessuna preferenza,بلا تفضيل,Без предпочтений
ENTITY_CAVE_SKITTER,Cave Skitter,洞窟スキッター,동굴 스키터,洞穴爬虫,洞穴爬蟲,Höhlenkrabbler,Trottineur des cavernes,Rastreador cavernario,Rastejante da caverna,Zampettatore delle caverne,زاحف الكهف,Пещерный шорох
ENTITY_DESCRIPTION_CAVE_SKITTER,A black cave crawler with glowing red eyes. It avoids bright areas and defends itself when attacked.,赤く光る目を持つ黒い洞窟の這い虫。明るい場所を避け、攻撃されると身を守ります。,붉게 빛나는 눈을 가진 검은 동굴 생물입니다. 밝은 곳을 피하고 공격받으면 자신을 방어합니다.,一种长着发光红眼的黑色洞穴爬虫。它避开明亮区域并在受攻击时自卫。,一種長著發光紅眼的黑色洞穴爬蟲。牠避開明亮區域並在受攻擊時自衛。,Ein schwarzer Höhlenkrabbler mit leuchtend roten Augen. Er meidet helle Bereiche und verteidigt sich bei Angriffen.,Une créature noire aux yeux rouges lumineux. Elle évite la lumière et se défend lorsqu'elle est attaquée.,Un reptador negro de cueva con ojos rojos brillantes. Evita las zonas luminosas y se defiende al ser atacado.,Um rastejante negro de caverna com olhos vermelhos brilhantes. Evita áreas claras e se defende quando atacado.,Un essere nero delle caverne con occhi rossi luminosi. Evita le zone luminose e si difende quando viene attaccato.,زاحف كهفي أسود بعيون حمراء متوهجة. يتجنب المناطق المضيئة ويدافع عن نفسه عند مهاجمته.,Чёрное пещерное существо с красными светящимися глазами. Избегает света и защищается при нападении.
INVENTORY_DESTROY,Destroy,破棄,파괴,销毁,銷毀,Zerstören,Détruire,Destruir,Destruir,Distruggi,إتلاف,Уничтожить
INVENTORY_CLEAR_ALL,Clear all,すべて破棄,모두 비우기,全部清空,全部清空,Alles leeren,Tout vider,Vaciar todo,Esvaziar tudo,Svuota tutto,مسح الكل,Очистить всё
INVENTORY_DESTROY_CONFIRM_TITLE,Destroy this stack?,このスタックを破棄しますか？,이 묶음을 파괴할까요?,销毁这一组物品？,銷毀這組物品？,Diesen Stapel zerstören ?,Détruire cette pile ?,¿Destruir esta pila?,Destruir esta pilha?,Distruggere questa pila?,هل تريد إتلاف هذه المجموعة؟,Уничтожить эту стопку?
INVENTORY_DESTROY_CONFIRM_BODY,"Destroy %d× %s? This cannot be undone.","%d× %sを破棄しますか？この操作は取り消せません。","%d× %s을(를) 파괴할까요? 이 작업은 취소할 수 없습니다.","销毁 %d× %s？此操作无法撤销。","銷毀 %d× %s？此操作無法復原。","%d× %s zerstören? Dies kann nicht rückgängig gemacht werden.","Détruire %d× %s ? Cette action est irréversible.","¿Destruir %d× %s? Esta acción no se puede deshacer.","Destruir %d× %s? Esta ação não pode ser desfeita.","Distruggere %d× %s? L'azione non può essere annullata.","هل تريد إتلاف %d× %s؟ لا يمكن التراجع عن هذا الإجراء.","Уничтожить %d× %s? Это действие нельзя отменить."
INVENTORY_CLEAR_CONFIRM_TITLE,Clear the entire inventory?,インベントリをすべて空にしますか？,인벤토리를 모두 비울까요?,清空整个物品栏？,清空整個物品欄？,Das gesamte Inventar leeren ?,Vider tout l'inventaire ?,¿Vaciar todo el inventario?,Esvaziar todo o inventário?,Svuotare tutto l'inventario?,هل تريد مسح المخزون بالكامل؟,Очистить весь инвентарь?
INVENTORY_CLEAR_CONFIRM_BODY,All inventory stacks will be destroyed. Items on the crafting table will remain.,インベントリ内のすべてのスタックが破棄されます。クラフト台のアイテムは残ります。,인벤토리의 모든 묶음이 파괴됩니다. 제작대의 아이템은 유지됩니다.,物品栏中的所有物品组都会被销毁。合成台上的物品将保留。,物品欄中的所有物品組都會被銷毀。合成台上的物品將保留。,Alle Inventarstapel werden zerstört. Gegenstände auf dem Werktisch bleiben erhalten.,Toutes les piles de l'inventaire seront détruites. Les objets sur la table de fabrication resteront.,Se destruirán todas las pilas del inventario. Los objetos de la mesa de fabricación permanecerán.,Todas as pilhas do inventário serão destruídas. Os itens na mesa de criação permanecerão.,Tutte le pile dell'inventario verranno distrutte. Gli oggetti sul tavolo da lavoro resteranno.,سيتم إتلاف كل مجموعات المخزون. ستبقى العناصر الموجودة على طاولة التصنيع.,Все стопки в инвентаре будут уничтожены. Предметы на крафт-столе останутся.
HUD_COORDS,"x: %d, y: %d","x: %d, y: %d","x: %d, y: %d","x: %d, y: %d","x: %d, y: %d","x: %d, y: %d","x : %d, y : %d","x: %d, y: %d","x: %d, y: %d","x: %d, y: %d","x: %d، y: %d","x: %d, y: %d"
ENTITY_UNKNOWN,Unknown,不明,알 수 없음,未知,未知,Unbekannt,Inconnu,Desconocido,Desconhecido,Sconosciuto,غير معروف,Неизвестно
ENTITY_AIR,Air,空気,공기,空气,空氣,Luft,Air,Aire,Ar,Aria,هواء,Воздух
ENTITY_GRASS,Grass,草,잔디,草方块,草方塊,Gras,Herbe,Césped,Grama,Erba,عشب,Трава
ENTITY_DIRT,Dirt,土,흙,泥土,泥土,Erde,Terre,Tierra,Terra,Terra,تراب,Земля
ENTITY_STONE,Stone,石,돌,石头,石頭,Stein,Pierre,Piedra,Pedra,Pietra,حجر,Камень
ENTITY_WOOD,Wood,木材,나무,木材,木材,Holz,Bois,Madera,Madeira,Legno,خشب,Дерево
ENTITY_WATER,Water,水,물,水,水,Wasser,Eau,Agua,Água,Acqua,ماء,Вода
ENTITY_LAVA,Lava,溶岩,용암,熔岩,熔岩,Lava,Lave,Lava,Lava,Lava,حمم,Лава
ENTITY_COBBLESTONE,Cobblestone,丸石,조약돌,圆石,鵝卵石,Bruchstein,Pierres,Guijarro,Pedregulho,Pietrisco,حصى,Булыжник
ENTITY_OBSIDIAN,Obsidian,黒曜石,흑요석,黑曜石,黑曜石,Obsidian,Obsidienne,Obsidiana,Obsidiana,Ossidiana,سبج,Обсидиан
ENTITY_LEAVES,Leaves,葉,나뭇잎,树叶,樹葉,Blätter,Feuilles,Hojas,Folhas,Foglie,أوراق,Листья
ENTITY_GRAVEL,Gravel,砂利,자갈,砾石,礫石,Kies,Gravier,Grava,Cascalho,Ghiaia,حصى,Гравий
ENTITY_SAND,Sand,砂,모래,沙子,沙子,Sand,Sable,Arena,Areia,Sabbia,رمل,Песок
ENTITY_PLANKS,Planks,木の板,나무 판자,木板,木板,Holzbretter,Planches,Tablones,Tábuas,Assi,ألواح خشبية,Доски
ENTITY_GLASS,Glass,ガラス,유리,玻璃,玻璃,Glas,Verre,Vidrio,Vidro,Vetro,زجاج,Стекло
ENTITY_CHARCOAL,Charcoal,木炭,숯,木炭,木炭,Holzkohle,Charbon de bois,Carbón vegetal,Carvão vegetal,Carbone,فحم,Уголь
ENTITY_ICE,Ice,氷,얼음,冰,冰,Eis,Glace,Hielo,Gelo,Ghiaccio,جليد,Лёд
ENTITY_DESCRIPTION_ICE,Frozen water that is slippery underfoot. It forms in cold biomes and melts back into water in warm places.,凍った水です。足元が滑りやすく寒いバイオームで生まれ暖かい場所では水に戻ります。,얼어붙은 물입니다. 발밑이 미끄럽고 추운 생물군계에서 생기며 따뜻한 곳에서는 다시 물로 녹습니다.,冻结的水。脚下很滑会在寒冷生物群系中形成并在温暖地区融化成水。,凍結的水。腳下很滑會在寒冷生態域中形成並在溫暖地區融化成水。,Gefrorenes Wasser mit rutschiger Oberfläche. Es entsteht in kalten Biomen und schmilzt an warmen Orten wieder zu Wasser.,De l’eau gelée au sol glissant. Elle se forme dans les biomes froids et redevient de l’eau dans les lieux chauds.,Agua congelada con una superficie resbaladiza. Se forma en biomas fríos y vuelve a ser agua en lugares cálidos.,Água congelada com uma superfície escorregadia. Forma-se em biomas frios e derrete em água em lugares quentes.,Acqua congelata dalla superficie scivolosa. Si forma nei biomi freddi e torna acqua nei luoghi caldi.,مياه متجمدة ذات سطح زلق. تتشكّل في المناطق الأحيائية الباردة وتذوب إلى ماء في الأماكن الدافئة.,Замёрзшая вода со скользкой поверхностью. Образуется в холодных биомах и снова тает в воду в тёплых местах.
ENTITY_STONE_PICKAXE,Stone Pickaxe,石のつるはし,돌 곡괭이,石镐,石鎬,Steinspitzhacke,Pioche en pierre,Pico de piedra,Picareta de pedra,Piccone di pietra,معول حجري,Каменная кирка
ENTITY_DESCRIPTION_STONE_PICKAXE,Mines blocks 35% faster while selected.,選択中はブロックを35%速く採掘します。,선택 중에는 블록을 35% 더 빠르게 채굴합니다.,选中时挖掘方块的速度提高35%。,選取時挖掘方塊的速度提高35%。,Baut Blöcke 35 % schneller ab solange sie ausgewählt ist.,Mine les blocs 35 % plus vite lorsqu'elle est sélectionnée.,Extrae bloques un 35 % más rápido mientras está seleccionado.,Minera blocos 35% mais rápido enquanto estiver selecionada.,Estrae i blocchi il 35% più velocemente quando è selezionato.,يعدّن الكتل أسرع بنسبة 35% عند تحديده.,Добывает блоки на 35% быстрее пока выбрана.
ENTITY_TRAIL_BOOTS,Trail Boots,旅人のブーツ,탐험 장화,旅行靴,旅行靴,Wanderstiefel,Bottes de randonnée,Botas de sendero,Botas de trilha,Stivali da viaggio,حذاء الرحلات,Походные ботинки
ENTITY_DESCRIPTION_TRAIL_BOOTS,Move 15% faster and jump 5% higher while selected.,選択中は移動が15%速くなりジャンプが5%高くなります。,선택 중에는 15% 더 빠르게 이동하고 5% 더 높이 점프합니다.,选中时移动速度提高15%且跳跃高度提高5%。,選取時移動速度提高15%且跳躍高度提高5%。,Bewegt dich 15 % schneller und lässt dich 5 % höher springen solange sie ausgewählt sind.,Augmente la vitesse de 15 % et les sauts de 5 % lorsqu'elles sont sélectionnées.,Aumentan la velocidad un 15 % y el salto un 5 % mientras están seleccionadas.,Aumentam a velocidade em 15% e o salto em 5% enquanto estiverem selecionadas.,Aumentano la velocità del 15% e il salto del 5% quando sono selezionati.,يزيد سرعة الحركة 15% وارتفاع القفز 5% عند تحديده.,Ускоряют движение на 15% и усиливают прыжок на 5% пока выбраны.
GENERATION_IN_PROGRESS,Discovering something new…,新しいものを発見中…,새로운 것을 발견하는 중…,正在发现新事物…,正在探索新事物…,Etwas Neues wird entdeckt…,Découverte en cours…,Descubriendo algo nuevo…,Descobrindo algo novo…,Scoperta in corso…,جارٍ اكتشاف شيء جديد…,Открываем что-то новое…
DISCOVERY_WAIT_BLOCKS,Interrogating the blocks…,ブロックを尋問中…,블록을 심문하는 중…,正在审问方块…,正在審問方塊…,Blöcke werden verhört…,Interrogatoire des blocs…,Interrogando a los bloques…,Interrogando os blocos…,Interrogando i blocchi…,استجواب الكتل…,Допрашиваем блоки…
DISCOVERY_WAIT_CHAOS,Adding a pinch of chaos…,カオスをひとつまみ…,혼돈 한 꼬집 추가 중…,加入一小撮混沌…,加入一小撮混沌…,Eine Prise Chaos kommt dazu…,Ajout d'une pincée de chaos…,Añadiendo una pizca de caos…,Adicionando uma pitada de caos…,Aggiungendo un pizzico di caos…,إضافة رشة من الفوضى…,Добавляем щепотку хаоса…
DISCOVERY_WAIT_EDIBLE,Checking if this is edible…,食べられるか確認中…,먹을 수 있는지 확인 중…,正在确认能不能吃…,正在確認能不能吃…,Prüfen ob das essbar ist…,Vérification de la comestibilité…,Comprobando si esto se come…,Verificando se isso é comestível…,Controllando se è commestibile…,نتحقق إن كان هذا صالحًا للأكل…,Проверяем съедобно ли это…
DISCOVERY_WAIT_PHYSICS,Negotiating with physics…,物理法則と交渉中…,물리 법칙과 협상 중…,正在和物理定律谈判…,正在和物理定律談判…,Mit der Physik wird verhandelt…,Négociation avec la physique…,Negociando con la física…,Negociando com a física…,Trattando con la fisica…,نتفاوض مع قوانين الفيزياء…,Договариваемся с физикой…
DISCOVERY_WAIT_SAFE,Making something probably safe…,たぶん安全なものを作成中…,아마도 안전한 것을 만드는 중…,正在制作大概安全的东西…,正在製作大概安全的東西…,Etwas vermutlich Sicheres entsteht…,Création de quelque chose probablement sans danger…,Creando algo probablemente seguro…,Criando algo provavelmente seguro…,Creando qualcosa di probabilmente sicuro…,نصنع شيئًا آمنًا على الأرجح…,Делаем что-то почти безопасное…
DISCOVERY_WAIT_EXPERTS,Consulting the tiny experts…,小さな専門家に相談中…,작은 전문가들과 상담 중…,正在咨询小小专家…,正在諮詢小小專家…,Die winzigen Experten beraten…,Consultation des mini-experts…,Consultando a los mini expertos…,Consultando os mini especialistas…,Consultando i mini esperti…,نستشير الخبراء الصغار…,Советуемся с крошечными экспертами…
DISCOVERY_WAIT_ALMOST,Almost understanding it…,もう少しで理解できそう…,거의 이해한 것 같아요…,好像快弄懂了…,好像快弄懂了…,Fast verstanden…,On a presque compris…,Casi lo entendemos…,Quase entendendo…,Ci siamo quasi…,أوشكنا على فهم الأمر…,Кажется мы почти поняли…
DISCOVERY_WAIT_EXPLODE,Please do not explode…,どうか爆発しませんように…,제발 폭발하지 마…,拜托千万别爆炸…,拜託千萬別爆炸…,Bitte nicht explodieren…,Pitié ne pas exploser…,Por favor no explotes…,Por favor não exploda…,Per favore non esplodere…,أرجوك لا تنفجر…,Пожалуйста не взрывайся…
GENERATION_FAILED,Discovery failed,発見に失敗しました,발견에 실패했습니다,发现失败,探索失敗,Entdeckung fehlgeschlagen,Échec de la découverte,El descubrimiento falló,A descoberta falhou,Scoperta non riuscita,فشل الاكتشاف,Не удалось создать открытие
DISCOVERY_ERROR_NETWORK,The tiny laboratory lost its connection. Try again.,小さな研究所の接続が切れました。もう一度お試しください。,작은 연구소의 연결이 끊겼어요. 다시 시도하세요.,小小实验室断线了。请重试。,小小實驗室斷線了。請重試。,Das kleine Labor hat die Verbindung verloren. Versuche es erneut.,Le petit laboratoire a perdu la connexion. Réessayez.,El pequeño laboratorio perdió la conexión. Inténtalo de nuevo.,O pequeno laboratório perdeu a conexão. Tente novamente.,Il piccolo laboratorio ha perso la connessione. Riprova.,فقد المختبر الصغير الاتصال. حاول مرة أخرى.,Маленькая лаборатория потеряла связь. Попробуйте снова.
DISCOVERY_ERROR_TIMEOUT,This discovery is taking longer than expected. Tap Retry to continue waiting.,この発見には予想以上に時間がかかっています。再試行して待ち続けてください。,발견이 예상보다 오래 걸리고 있어요. 다시 시도를 눌러 계속 기다리세요.,这次发现比预期更久。点击重试继续等待。,這次探索比預期更久。點擊重試繼續等待。,Diese Entdeckung dauert länger als erwartet. Tippe auf Erneut versuchen.,Cette découverte prend plus de temps que prévu. Touchez Réessayer.,Este descubrimiento tarda más de lo esperado. Pulsa Reintentar.,Esta descoberta está demorando mais que o esperado. Toque em Tentar novamente.,Questa scoperta richiede più tempo del previsto. Tocca Riprova.,يستغرق هذا الاكتشاف وقتًا أطول من المتوقع. اضغط إعادة المحاولة.,Открытие занимает больше времени. Нажмите «Повторить» и продолжите ожидание.
DISCOVERY_ERROR_LIMIT,No experiments left today. Come back tomorrow.,本日の実験回数を使い切りました。明日また来てください。,오늘의 실험 횟수를 모두 사용했어요. 내일 다시 오세요.,今天的实验次数已用完。明天再来吧。,今天的實驗次數已用完。明天再來吧。,Heute sind keine Experimente mehr übrig. Komm morgen wieder.,Plus d'expériences disponibles aujourd'hui. Revenez demain.,No quedan experimentos hoy. Vuelve mañana.,Não restam experimentos hoje. Volte amanhã.,Non restano esperimenti oggi. Torna domani.,لا توجد تجارب متبقية اليوم. عد غدًا.,На сегодня эксперименты закончились. Возвращайтесь завтра.
DISCOVERY_ERROR_INPUTS_CHANGED,The experiment ingredients changed. Assemble them again.,実験の材料が変わりました。もう一度組み合わせてください。,실험 재료가 바뀌었어요. 다시 조합하세요.,实验材料发生了变化。请重新组合。,實驗材料發生了變化。請重新組合。,Die Zutaten des Experiments haben sich geändert. Stelle sie erneut zusammen.,Les ingrédients de l'expérience ont changé. Assemblez-les à nouveau.,Los ingredientes del experimento cambiaron. Vuelve a reunirlos.,Os ingredientes do experimento mudaram. Monte-os novamente.,Gli ingredienti dell'esperimento sono cambiati. Assemblali di nuovo.,تغيرت مكونات التجربة. اجمعها مرة أخرى.,Ингредиенты эксперимента изменились. Соберите их заново.
DISCOVERY_RESULT_TITLE,New discovery!,新発見！,새로운 발견!,新发现！,新探索！,Neue Entdeckung!,Nouvelle découverte !,¡Nuevo descubrimiento!,Nova descoberta!,Nuova scoperta!,اكتشاف جديد!,Новое открытие!
DISCOVERY_WORLD_FIRST,WORLD FIRST!,世界初！,세계 최초!,全球首次！,全球首次！,WELTPREMIERE!,PREMIÈRE MONDIALE !,¡PRIMERO EN EL MUNDO!,PRIMEIRO DO MUNDO!,PRIMO AL MONDO!,الأول عالميًا!,ПЕРВОЕ В МИРЕ!
DISCOVERY_ALREADY_KNOWN,Known combination,既知の組み合わせ,알려진 조합,已知组合,已知組合,Bekannte Kombination,Combinaison connue,Combinación conocida,Combinação conhecida,Combinazione nota,تركيبة معروفة,Известная комбинация
DISCOVERY_PROPERTY_PHASE,Form,形態,형태,形态,形態,Form,Forme,Forma,Forma,Forma,الشكل,Форма
DISCOVERY_PROPERTY_SOLID,Solid,固体,고체,固体,固體,Fest,Solide,Sólido,Sólido,Solido,صلب,Твёрдая
DISCOVERY_PROPERTY_LIQUID,Liquid,液体,액체,液体,液體,Flüssig,Liquide,Líquido,Líquido,Liquido,سائل,Жидкая
DISCOVERY_PROPERTY_HARDNESS,Hardness,硬さ,경도,硬度,硬度,Härte,Dureté,Dureza,Dureza,Durezza,الصلابة,Твёрдость
DISCOVERY_PROPERTY_SPEED,Walking speed,歩行速度,이동 속도,行走速度,行走速度,Lauftempo,Vitesse de marche,Velocidad al caminar,Velocidade de caminhada,Velocità di cammino,سرعة المشي,Скорость ходьбы
DISCOVERY_PROPERTY_SPECIAL,Special,特殊,특성,特性,特性,Besonderheit,Spécial,Especial,Especial,Speciale,خاص,Особенности
DISCOVERY_PROPERTY_BOUNCY,Bouncy,弾む,통통 튐,弹性,彈性,Federnd,Rebondissant,Elástico,Quicante,Rimbalzante,نطاط,Прыгучая
DISCOVERY_PROPERTY_FLAMMABLE,Flammable,燃えやすい,가연성,可燃,易燃,Brennbar,Inflammable,Inflamable,Inflamável,Infiammabile,قابل للاشتعال,Горючая
DISCOVERY_PROPERTY_FALLING,Falls without support,支えがないと落下,지지대가 없으면 떨어짐,无支撑会下落,無支撐會下落,Fällt ohne Halt,Tombe sans support,Cae sin apoyo,Cai sem suporte,Cade senza supporto,يسقط بلا دعم,Падает без опоры
DISCOVERY_PROPERTY_FLOWS,Flows,流れる,흐름,可流动,可流動,Fließt,S'écoule,Fluye,Flui,Scorre,يتدفق,Растекается
DISCOVERY_PROPERTY_RARITY,Rarity,レア度,희귀도,稀有度,稀有度,Seltenheit,Rareté,Rareza,Raridade,Rarità,الندرة,Редкость
DISCOVERY_PROPERTY_DURABILITY,Durability,耐久度,내구도,耐久度,耐久度,Haltbarkeit,Durabilité,Durabilidad,Durabilidade,Durabilità,المتانة,Прочность
DISCOVERY_PROPERTY_CATEGORY,Type,種類,유형,类型,類型,Typ,Type,Tipo,Tipo,Tipo,النوع,Тип
DISCOVERY_PROPERTY_MINING_BONUS,Mining bonus,採掘ボーナス,채굴 보너스,采掘加成,採掘加成,Abbaubonus,Bonus de minage,Bono de minería,Bônus de mineração,Bonus estrazione,مكافأة التعدين,Бонус добычи
DISCOVERY_PROPERTY_DAMAGE,Damage,ダメージ,피해,伤害,傷害,Schaden,Dégâts,Daño,Dano,Danno,الضرر,Урон
ITEM_CATEGORY_MINING_TOOL,Mining tool,採掘道具,채굴 도구,采掘工具,採掘工具,Abbauwerkzeug,Outil de minage,Herramienta de minería,Ferramenta de mineração,Strumento da estrazione,أداة تعدين,Инструмент
ITEM_CATEGORY_WEAPON,Weapon,武器,무기,武器,武器,Waffe,Arme,Arma,Arma,Arma,سلاح,Оружие
ITEM_CATEGORY_HYBRID,Hybrid tool,複合道具,복합 도구,混合工具,混合工具,Hybridwerkzeug,Outil hybride,Herramienta híbrida,Ferramenta híbrida,Strumento ibrido,أداة هجينة,Гибрид
ITEM_CATEGORY_MOBILITY_TOOL,Mobility tool,移動道具,이동 도구,移动工具,移動工具,Bewegungswerkzeug,Outil de mobilité,Herramienta de movilidad,Ferramenta de mobilidade,Strumento di mobilità,أداة حركة,Инструмент передвижения
DISCOVERY_PROPERTY_MOVEMENT_BONUS,Movement speed,移動速度,이동 속도,移动速度,移動速度,Bewegungstempo,Vitesse de déplacement,Velocidad de movimiento,Velocidade de movimento,Velocità di movimento,سرعة الحركة,Скорость движения
DISCOVERY_PROPERTY_JUMP_BONUS,Jump power,ジャンプ力,점프력,跳跃力,跳躍力,Sprungkraft,Puissance de saut,Fuerza de salto,Força do salto,Potenza di salto,قوة القفز,Сила прыжка
ITEM_RARITY_COMMON,Common,コモン,일반,普通,普通,Gewöhnlich,Commun,Común,Comum,Comune,عادي,Обычная
ITEM_RARITY_UNCOMMON,Uncommon,アンコモン,고급,优秀,優秀,Ungewöhnlich,Inhabituel,Poco común,Incomum,Non comune,غير عادي,Необычная
ITEM_RARITY_RARE,Rare,レア,희귀,稀有,稀有,Selten,Rare,Rara,Raro,Raro,نادر,Редкая
ITEM_RARITY_EPIC,Epic,エピック,영웅,史诗,史詩,Episch,Épique,Épica,Épico,Epica,ملحمي,Эпическая
ITEM_RARITY_LEGENDARY,Legendary,レジェンド,전설,传说,傳說,Legendär,Légendaire,Legendaria,Lendário,Leggendaria,أسطوري,Легендарная
UI_SELECT_ITEM,Select an item,アイテムを選択,아이템 선택,选择物品,選擇物品,Gegenstand wählen,Sélectionnez un objet,Selecciona un objeto,Selecione um item,Seleziona un oggetto,اختر عنصرًا,Выберите предмет
WORLD_CREATE_FAILED,Could not create a new world.,新しいワールドを作成できませんでした。,새 월드를 만들 수 없습니다.,无法创建新世界。,無法建立新世界.,Neue Welt konnte nicht erstellt werden.,Impossible de créer un nouveau monde.,No se pudo crear un mundo nuevo.,Não foi possível criar um novo mundo.,Impossibile creare un nuovo mondo.,تعذر إنشاء عالم جديد.,Не удалось создать новый мир.
WORLD_LOAD_FAILED,The saved world could not be loaded.,保存されたワールドを読み込めませんでした。,저장된 월드를 불러올 수 없습니다.,无法加载已保存的世界。,無法載入已儲存的世界.,Die gespeicherte Welt konnte nicht geladen werden.,Impossible de charger le monde sauvegardé.,No se pudo cargar el mundo guardado.,Não foi possível carregar o mundo salvo.,Impossibile caricare il mondo salvato.,تعذر تحميل العالم المحفوظ.,Не удалось загрузить сохранённый мир.
WORLD_REPLACE_CONFIRM_BODY,Replace the current local world with a new one?,現在のローカルワールドを新しいワールドに置き換えますか？,현재 로컬 월드를 새 월드로 바꿀까요?,要用新世界替换当前本地世界吗？,要用新世界取代目前的本機世界嗎？,Die aktuelle lokale Welt durch eine neue ersetzen?,Remplacer le monde local actuel par un nouveau ?,¿Reemplazar el mundo local actual por uno nuevo?,Substituir o mundo local atual por um novo?,Sostituire il mondo locale attuale con uno nuovo?,هل تريد استبدال العالم المحلي الحالي بعالم جديد؟,Заменить текущий локальный мир новым?
UI_DISCOVER,Discover,発見,발견,发现,探索,Entdecken,Découvrir,Descubrir,Descobrir,Scopri,اكتشاف,Открыть
UI_NO_AVAILABLE_RECIPES,No recipes can be made with these items.,これらのアイテムで作れるレシピはありません。,이 아이템으로 만들 수 있는 제작법이 없습니다.,这些物品无法制作任何配方。,這些物品無法製作任何配方.,Mit diesen Gegenständen sind keine Rezepte möglich.,Aucune recette ne peut être réalisée avec ces objets.,No se puede elaborar ninguna receta con estos objetos.,Nenhuma receita pode ser criada com estes itens.,Nessuna ricetta può essere creata con questi oggetti.,لا توجد وصفات يمكن صنعها بهذه العناصر.,Из этих предметов сейчас ничего нельзя создать.
SPAWN_BUTTON_LABEL,Set spawn,リスポーン地点を設定,부활 지점 설정,设置重生点,設定重生點,Spawnpunkt setzen,Définir le point de réapparition,Establecer reaparición,Definir ponto de renascimento,Imposta punto di rinascita,تعيين نقطة العودة,Задать точку возрождения
SPAWN_SET_SUCCESS,Spawn point set!,リスポーン地点を設定しました！,부활 지점을 설정했어요!,重生点已设置！,重生點已設定！,Spawnpunkt gesetzt!,Point de réapparition défini !,¡Punto de reaparición establecido!,Ponto de renascimento definido!,Punto di rinascita impostato!,تم تعيين نقطة العودة!,Точка возрождения задана!
SPAWN_SET_COOLDOWN,Spawn can be changed in %s,リスポーン地点は%s後に変更できます。,부활 지점은 %s 후에 변경할 수 있어요.,可在%s后更改重生点,可在%s後變更重生點,Spawnpunkt kann in %s geändert werden,Le point peut être modifié dans %s,Podrás cambiarlo en %s,Poderá alterar em %s,Potrai cambiarlo tra %s,يمكن تغيير نقطة العودة بعد %s,Точку можно изменить через %s
SPAWN_SET_UNSAFE,Stand safely on solid ground first.,まず安全な固い地面に立ってください。,먼저 안전하고 단단한 바닥에 서세요.,请先安全地站在坚实地面上。,請先安全地站在堅實地面上。,Stelle dich zuerst sicher auf festen Boden.,Placez-vous d’abord en sécurité sur un sol ferme.,Ponte primero a salvo sobre suelo firme.,Fique primeiro em segurança sobre terreno sólido.,Mettiti prima al sicuro su un terreno solido.,قف بأمان على أرض صلبة أولا.,Сначала встаньте на безопасную твёрдую поверхность.
ENTITY_DESCRIPTION_GRASS,Living turf over plantable soil.,植物が育つ土を覆う生きた芝です。,식물을 키울 수 있는 흙을 덮은 살아 있는 잔디입니다.,覆盖可种植土壤的活草皮。,覆蓋可種植土壤的活草皮。,Lebender Rasen auf bepflanzbarer Erde.,Du gazon vivant sur un sol cultivable.,Césped vivo sobre tierra cultivable.,Relva viva sobre solo cultivável.,Erba viva su terreno coltivabile.,عشب حي فوق تربة صالحة للزراعة.,Живой дёрн на почве пригодной для растений.
ENTITY_DESCRIPTION_DIRT,Plantable soil used as the base for trees and other growth.,木や植物を育てる土台になる植えられる土です。,나무와 식물이 자라는 바탕이 되는 흙입니다.,可种植树木和其他植物的土壤。,可種植樹木和其他植物的土壤。,Bepflanzbare Erde als Grundlage für Bäume und andere Pflanzen.,Un sol cultivable servant de base aux arbres et autres plantes.,Tierra cultivable que sirve de base para árboles y otras plantas.,Solo cultivável que serve de base para árvores e outras plantas.,Terreno coltivabile usato come base per alberi e altre piante.,تربة صالحة للزراعة تنمو فيها الأشجار والنباتات.,Почва на которой могут расти деревья и другие растения.
ENTITY_DESCRIPTION_STONE,Dense hard rock that can be crushed into gravel.,砕くと砂利になる密度の高い硬い岩です。,부수면 자갈이 되는 단단하고 치밀한 암석입니다.,可粉碎成砾石的致密坚硬岩石。,可粉碎成礫石的緻密堅硬岩石。,Dichtes hartes Gestein das zu Kies zerkleinert werden kann.,Une roche dense et dure qui peut être concassée en gravier.,Roca densa y dura que puede triturarse para obtener grava.,Rocha densa e dura que pode ser triturada em cascalho.,Roccia densa e dura che può essere frantumata in ghiaia.,صخر كثيف وصلب يمكن سحقه إلى حصى.,Плотная твёрдая порода которую можно раздробить в гравий.
ENTITY_DESCRIPTION_WOOD,Flammable tree material that can become planks or charcoal.,板材に加工したり木炭にしたりできる燃えやすい木材です。,판자나 숯으로 만들 수 있는 불에 잘 타는 나무 재료입니다.,可制成木板或烧成木炭的易燃木材。,可製成木板或燒成木炭的易燃木材。,Brennbares Holz das zu Brettern oder Holzkohle werden kann.,Du bois inflammable qui peut devenir des planches ou du charbon.,Madera inflamable que puede convertirse en tablones o carbón vegetal.,Madeira inflamável que pode virar tábuas ou carvão vegetal.,Legno infiammabile che può diventare assi o carbone.,خشب قابل للاشتعال يمكن تحويله إلى ألواح أو فحم.,Горючая древесина из которой можно сделать доски или уголь.
ENTITY_DESCRIPTION_WATER,A cool flowing liquid that forms stone with lava and freezes in cold biomes.,溶岩と石を作り寒いバイオームでは凍る冷たい流体です。,용암과 만나 돌이 되고 추운 생물군계에서는 어는 차가운 액체입니다.,会流动的冷水。遇熔岩形成石头并在寒冷生物群系中结冰。,會流動的冷水。遇熔岩形成石頭並在寒冷生態域中結冰。,Eine kühle Flüssigkeit die mit Lava Stein bildet und in kalten Biomen gefriert.,Un liquide frais qui forme de la pierre avec la lave et gèle dans les biomes froids.,Un líquido frío que forma piedra con lava y se congela en biomas fríos.,Um líquido frio que forma pedra com lava e congela em biomas frios.,Un liquido freddo che forma pietra con la lava e gela nei biomi freddi.,سائل بارد يتدفق ويصنع الحجر مع الحمم ويتجمد في المناطق الباردة.,Холодная текучая жидкость которая создаёт камень с лавой и замерзает в холодных биомах.
ENTITY_DESCRIPTION_LAVA,A hot slow liquid that lights caves and ignites nearby flammable blocks.,洞窟を照らし近くの燃えやすいブロックに火をつける熱く遅い液体です。,동굴을 밝히고 근처의 가연성 블록에 불을 붙이는 뜨겁고 느린 액체입니다.,缓慢流动的高温液体。能照亮洞穴并点燃附近的易燃方块。,緩慢流動的高溫液體。能照亮洞穴並點燃附近的易燃方塊。,Eine heiße langsam fließende Flüssigkeit die Höhlen erhellt und Brennbares entzündet.,Un liquide chaud et lent qui éclaire les grottes et enflamme les blocs proches.,Un líquido caliente y lento que ilumina cuevas y prende bloques inflamables cercanos.,Um líquido quente e lento que ilumina cavernas e incendeia blocos próximos.,Un liquido caldo e lento che illumina le grotte e incendia i blocchi vicini.,سائل حار وبطيء يضيء الكهوف ويشعل الكتل القابلة للاحتراق القريبة.,Горячая медленная жидкость которая освещает пещеры и поджигает соседние горючие блоки.
ENTITY_DESCRIPTION_COBBLESTONE,Rough cooled rock formed when water meets lava. Four pieces compress into stone.,水と溶岩が触れてできる粗い岩です。4個で石になります。,물과 용암이 만나 생기는 거친 암석입니다. 네 개를 돌로 압축할 수 있습니다.,水与熔岩相遇形成的粗糙冷却岩石。四块可合成石头。,水與熔岩相遇形成的粗糙冷卻岩石。四塊可合成石頭。,Raues abgekühltes Gestein aus Wasser und Lava. Vier Stück werden zu Stein.,Une roche brute refroidie créée par l’eau et la lave. Quatre morceaux donnent de la pierre.,Roca áspera enfriada al mezclar agua y lava. Cuatro piezas forman piedra.,Rocha áspera resfriada quando água encontra lava. Quatro peças viram pedra.,Roccia grezza raffreddata quando acqua e lava si incontrano. Quattro pezzi formano pietra.,صخر خشن مبرد يتكون عند التقاء الماء والحمم. أربع قطع تصنع حجرا.,Грубая остывшая порода из воды и лавы. Четыре блока превращаются в камень.
ENTITY_DESCRIPTION_OBSIDIAN,Extremely hard volcanic glass made from stone water and lava.,石と水と溶岩から作る非常に硬い火山ガラスです。,돌과 물과 용암으로 만드는 매우 단단한 화산 유리입니다.,由石头水和熔岩制成的极硬火山玻璃。,由石頭水和熔岩製成的極硬火山玻璃。,Extrem hartes Vulkanglas aus Stein Wasser und Lava.,Un verre volcanique extrêmement dur fait de pierre d’eau et de lave.,Vidrio volcánico extremadamente duro hecho con piedra agua y lava.,Vidro vulcânico extremamente duro feito de pedra água e lava.,Vetro vulcanico estremamente duro creato da pietra acqua e lava.,زجاج بركاني شديد الصلابة مصنوع من الحجر والماء والحمم.,Очень твёрдое вулканическое стекло из камня воды и лавы.
ENTITY_DESCRIPTION_LEAVES,Soft flammable foliage that can be planted to grow a tree.,植えると木に育つ柔らかく燃えやすい葉です。,심으면 나무로 자라는 부드럽고 불에 잘 타는 잎입니다.,柔软易燃的树叶。种下后可以长成树。,柔軟易燃的樹葉。種下後可以長成樹。,Weiches brennbares Laub das gepflanzt zu einem Baum wächst.,Un feuillage tendre et inflammable qui peut pousser en arbre.,Follaje blando e inflamable que puede plantarse para hacer crecer un árbol.,Folhagem macia e inflamável que pode ser plantada para crescer uma árvore.,Fogliame morbido e infiammabile che può essere piantato per far crescere un albero.,أوراق طرية قابلة للاشتعال يمكن زراعتها لتنمو شجرة.,Мягкая горючая листва которую можно посадить и вырастить дерево.
ENTITY_DESCRIPTION_GRAVEL,Crushed stone that falls without support and can be ground into sand.,支えがないと落ち砂に砕ける石のかけらです。,지지대가 없으면 떨어지고 모래로 갈 수 있는 부순 돌입니다.,失去支撑会下落的碎石。可进一步磨成沙子。,失去支撐會下落的碎石。可進一步磨成沙子。,Zerkleinerter Stein der ohne Halt fällt und zu Sand gemahlen werden kann.,De la pierre concassée qui tombe sans support et peut devenir du sable.,Piedra triturada que cae sin apoyo y puede molerse para obtener arena.,Pedra triturada que cai sem apoio e pode ser moída em areia.,Pietra frantumata che cade senza sostegno e può diventare sabbia.,حجر مكسر يسقط دون دعم ويمكن طحنه إلى رمل.,Дроблёный камень который падает без опоры и перемалывается в песок.
ENTITY_DESCRIPTION_SAND,Fine loose grains that fall without support and melt with lava into glass.,支えがないと落ち溶岩で溶かすとガラスになる細かい砂です。,지지대가 없으면 떨어지고 용암과 녹이면 유리가 되는 고운 모래입니다.,失去支撑会下落的细小颗粒。与熔岩熔合可制成玻璃。,失去支撐會下落的細小顆粒。與熔岩熔合可製成玻璃。,Feine lose Körner die ohne Halt fallen und mit Lava zu Glas schmelzen.,De fins grains qui tombent sans support et fondent avec la lave pour donner du verre.,Granos finos que caen sin apoyo y se funden con lava para crear vidrio.,Grãos finos que caem sem apoio e derretem com lava para criar vidro.,Granelli fini che cadono senza sostegno e fondono con la lava in vetro.,حبيبات ناعمة تسقط دون دعم وتنصهر مع الحمم لتصبح زجاجا.,Мелкие сыпучие зёрна которые падают без опоры и плавятся с лавой в стекло.
ENTITY_DESCRIPTION_PLANKS,Flammable wooden boards used for building and crafting tools.,建築や道具作りに使う燃えやすい木の板です。,건축과 도구 제작에 쓰는 불에 잘 타는 나무 판자입니다.,用于建造和制作工具的易燃木板。,用於建造和製作工具的易燃木板。,Brennbare Holzbretter zum Bauen und Herstellen von Werkzeugen.,Des planches inflammables pour construire et fabriquer des outils.,Tablones inflamables para construir y fabricar herramientas.,Tábuas inflamáveis para construir e fabricar ferramentas.,Assi di legno infiammabili usate per costruire e creare strumenti.,ألواح خشبية قابلة للاشتعال تستخدم للبناء وصناعة الأدوات.,Горючие деревянные доски для строительства и создания инструментов.
ENTITY_DESCRIPTION_GLASS,Brittle transparent material made by heating sand with lava.,砂を溶岩で熱して作る壊れやすい透明素材です。,모래를 용암으로 가열해 만드는 깨지기 쉬운 투명 재료입니다.,用熔岩加热沙子制成的易碎透明材料。,用熔岩加熱沙子製成的易碎透明材料。,Sprödes durchsichtiges Material aus mit Lava erhitztem Sand.,Un matériau transparent et fragile obtenu en chauffant du sable avec de la lave.,Material transparente y frágil creado al calentar arena con lava.,Material transparente e frágil feito ao aquecer areia com lava.,Materiale trasparente e fragile ottenuto scaldando sabbia con lava.,مادة شفافة وهشة تصنع بتسخين الرمل بالحمم.,Хрупкий прозрачный материал получаемый нагревом песка лавой.
ENTITY_DESCRIPTION_CHARCOAL,A light flammable fuel made by charring wood with lava.,木を溶岩で焼いて作る軽く燃えやすい燃料です。,나무를 용암으로 태워 만드는 가볍고 불에 잘 타는 연료입니다.,用熔岩炭化木材制成的轻质易燃燃料。,用熔岩炭化木材製成的輕質易燃燃料。,Ein leichter brennbarer Brennstoff aus mit Lava verkohltem Holz.,Un combustible léger et inflammable obtenu en carbonisant du bois avec de la lave.,Combustible ligero e inflamable creado al carbonizar madera con lava.,Combustível leve e inflamável feito ao carbonizar madeira com lava.,Combustibile leggero e infiammabile ottenuto carbonizzando legno con lava.,وقود خفيف قابل للاشتعال يصنع بتفحيم الخشب بالحمم.,Лёгкое горючее топливо получаемое обугливанием дерева лавой.
ENTITY_MEADOW_HOPPER,Meadow Hopper,草原ホッパー,초원 폴짝이,草原跳跳兽,草原跳跳獸,Wiesenhüpfer,Bondisseur des prés,Saltador de pradera,Saltador do prado,Saltafieno,وثاب المروج,Луговой прыгун
ENTITY_DESCRIPTION_MEADOW_HOPPER,A gentle grass-loving walker that flees after being hurt.,草を好み傷つくと逃げるおとなしい歩行生物です。,풀을 좋아하고 다치면 도망가는 온순한 육상 생물입니다.,温顺的草食陆行生物。受伤后会逃跑。,溫順的草食陸行生物。受傷後會逃跑。,Ein sanfter Grasliebhaber der nach Verletzungen flieht.,Une créature douce qui aime l’herbe et fuit après une blessure.,Una criatura mansa que ama la hierba y huye al ser herida.,Uma criatura dócil que ama relva e foge quando ferida.,Una creatura docile che ama l’erba e fugge se ferita.,مخلوق ودي يحب العشب ويهرب إذا أصيب.,Мирное наземное существо которое любит траву и убегает после удара.
ENTITY_SKY_MOTE,Sky Mote,スカイモート,하늘 티끌,天空微灵,天空微靈,Himmelsfunke,Lueur céleste,Mota celeste,Cisco celeste,Brillo celeste,هَباءة سماوية,Небесная пылинка
ENTITY_DESCRIPTION_SKY_MOTE,A shy flying creature that drifts through bright open air and flees on sight.,明るい空を漂い姿を見られると逃げる臆病な飛行生物です。,밝은 하늘을 떠다니며 위험을 보면 달아나는 수줍은 비행 생물입니다.,害羞的飞行生物。漂浮在明亮天空中并在发现危险时逃跑。,害羞的飛行生物。漂浮在明亮天空中並在發現危險時逃跑。,Ein scheues Flugwesen das durch helles Freiland treibt und bei Gefahr flieht.,Une créature volante timide qui dérive dans la lumière et fuit à vue.,Una criatura voladora tímida que flota en zonas luminosas y huye al verte.,Uma criatura voadora tímida que flutua em áreas claras e foge ao ver perigo.,Una timida creatura volante che vaga nella luce e fugge a vista.,مخلوق طائر خجول ينجرف في الأماكن المضيئة ويهرب عند رؤية الخطر.,Пугливое летающее существо которое парит на свету и убегает при виде опасности.
ENTITY_MOSS_CRAWLER,Moss Crawler,モスクローラー,이끼 크롤러,苔藓爬行兽,苔蘚爬行獸,Mooskriecher,Rampant des mousses,Rastreador de musgo,Rastejante do musgo,Strisciamuschio,زاحف الطحلب,Моховой ползун
ENTITY_DESCRIPTION_MOSS_CRAWLER,A dark-loving crawler drawn to moss that fights back when attacked.,暗闇と苔を好み攻撃されると反撃する這う生物です。,어둠과 이끼를 좋아하며 공격받으면 맞서 싸우는 기어 다니는 생물입니다.,喜欢黑暗和苔藓的爬行生物。受到攻击时会反击。,喜歡黑暗和苔蘚的爬行生物。受到攻擊時會反擊。,Ein dunkelheitsliebender Mooskriecher der sich bei Angriffen wehrt.,Une créature rampante attirée par la mousse et l’obscurité qui riposte.,Una criatura rastrera que ama la oscuridad y el musgo y se defiende al ser atacada.,Uma criatura rastejante que ama escuridão e musgo e revida ao ser atacada.,Una creatura strisciante che ama buio e muschio e reagisce agli attacchi.,مخلوق زاحف يحب الظلام والطحلب ويدافع عن نفسه عند مهاجمته.,Ползающее существо которое любит темноту и мох и отвечает на нападение.
ENTITY_POOL_DRIFTER,Pool Drifter,プールドリフター,웅덩이 유영자,水池漂游兽,水池漂游獸,Tümpeltreiber,Flotteur des mares,Derivador de charca,Flutuador da lagoa,Fluttuapozza,هائم البركة,Прудовый пловец
ENTITY_DESCRIPTION_POOL_DRIFTER,A timid free-swimming water creature that flees when danger appears.,水中を自由に泳ぎ危険を感じると逃げる臆病な生物です。,물속을 자유롭게 헤엄치며 위험이 나타나면 달아나는 겁 많은 생물입니다.,胆小的自由游泳水生生物。遇到危险会逃跑。,膽小的自由游泳水生生物。遇到危險會逃跑。,Ein scheues frei schwimmendes Wasserwesen das vor Gefahr flieht.,Une créature aquatique timide qui nage librement et fuit le danger.,Una criatura acuática tímida que nada libremente y huye del peligro.,Uma criatura aquática tímida que nada livremente e foge do perigo.,Una timida creatura acquatica che nuota libera e fugge dal pericolo.,مخلوق مائي خجول يسبح بحرية ويهرب عند ظهور الخطر.,Пугливое водное существо которое свободно плавает и убегает от опасности.
ENTITY_EMBER_WALKER,Ember Walker,エンバーウォーカー,잿불 보행자,余烬行者,餘燼行者,Glutläufer,Marchebraise,Caminante de brasas,Andarilho de brasas,Passabrace,ماشي الجمر,Угольный ходок
ENTITY_DESCRIPTION_EMBER_WALKER,A heatproof creature that walks on lava bottoms and defends itself when attacked.,溶岩の底を歩き攻撃されると反撃する耐熱生物です。,용암 바닥을 걷고 공격받으면 맞서 싸우는 내열 생물입니다.,耐热生物。沿熔岩底部行走并在受到攻击时反击。,耐熱生物。沿熔岩底部行走並在受到攻擊時反擊。,Ein hitzefestes Wesen das auf Lavaböden läuft und sich bei Angriffen wehrt.,Une créature résistante à la chaleur qui marche au fond de la lave et riposte.,Una criatura resistente al calor que camina por el fondo de la lava y se defiende.,Uma criatura resistente ao calor que anda no fundo da lava e se defende.,Una creatura resistente al calore che cammina sul fondo della lava e si difende.,مخلوق مقاوم للحرارة يمشي في قاع الحمم ويدافع عن نفسه.,Жаропрочное существо которое ходит по дну лавы и защищается при нападении.
DISCOVERY_PROPERTY_ACTIVITY_PERIOD,Active time,活動時間,활동 시간,活跃时间,活躍時間,Aktivzeit,Période active,Horario activo,Período ativo,Periodo attivo,وقت النشاط,Время активности
CREATURE_ACTIVITY_DAY,Day,昼,낮,白天,白天,Tag,Jour,Día,Dia,Giorno,النهار,День
CREATURE_ACTIVITY_NIGHT,Night,夜,밤,夜晚,夜晚,Nacht,Nuit,Noche,Noite,Notte,الليل,Ночь
CREATURE_ACTIVITY_ALL_DAY,All day,一日中,하루 종일,全天,全天,Ganztägig,Toute la journée,Todo el día,O dia todo,Tutto il giorno,طوال اليوم,Круглосуточно
ENTITY_DUSK_PROWLER,Dusk Prowler,黄昏の徘徊者,황혼의 추적자,暮色潜行兽,暮色潛行獸,Dämmerpirscher,Rôdeur du crépuscule,Acechador del ocaso,Espreitador do crepúsculo,Predatore del crepuscolo,متربص الغسق,Сумеречный охотник
ENTITY_DESCRIPTION_DUSK_PROWLER,A solitary night hunter that stalks open ground and attacks players on sight.,開けた地面を徘徊しプレイヤーを見つけると襲う孤独な夜の狩人です。,탁 트인 땅을 배회하다 플레이어를 발견하면 공격하는 외로운 밤 사냥꾼입니다.,独行的夜间猎手。潜伏在开阔地并在发现玩家时发动攻击。,獨行的夜間獵手。潛伏在開闊地並在發現玩家時發動攻擊。,Ein einzelner Nachtjäger der offenes Gelände durchstreift und Spieler sofort angreift.,Un chasseur nocturne solitaire qui rôde à découvert et attaque les joueurs à vue.,Un cazador nocturno solitario que acecha terreno abierto y ataca al ver jugadores.,Um caçador noturno solitário que ronda terreno aberto e ataca jogadores à vista.,Un cacciatore notturno solitario che vaga allo scoperto e attacca i giocatori a vista.,صياد ليلي منفرد يطارد في الأرض المفتوحة ويهاجم اللاعبين عند رؤيتهم.,Одинокий ночной хищник который крадётся по открытой местности и нападает на игроков при встрече.
ENTITY_GLOOMWING,Gloomwing,グルームウィング,어둠날개,幽暗翼兽,幽暗翼獸,Düsterflügel,Aile-sombre,Ala sombría,Asa sombria,Ala oscura,جناح الظلام,Мрачнокрыл
ENTITY_DESCRIPTION_GLOOMWING,A rare dark-loving flier that hunts above forests and caverns after sunset.,日没後に森や洞窟の上を狩る暗闇を好む珍しい飛行生物です。,해가 진 뒤 숲과 동굴 위를 사냥하는 희귀한 어둠 선호 비행 생물입니다.,喜爱黑暗的稀有飞行生物。日落后在森林和洞穴上方狩猎。,喜愛黑暗的稀有飛行生物。日落後在森林和洞穴上方狩獵。,Ein seltener dunkelheitsliebender Flieger der nach Sonnenuntergang über Wäldern und Höhlen jagt.,Une créature volante rare qui aime l’obscurité et chasse après le coucher du soleil.,Una criatura voladora rara que ama la oscuridad y caza tras la puesta de sol.,Uma criatura voadora rara que ama a escuridão e caça após o pôr do sol.,Una rara creatura volante che ama il buio e caccia dopo il tramonto.,مخلوق طائر نادر يحب الظلام ويصطاد فوق الغابات والكهوف بعد الغروب.,Редкое летающее существо которое любит темноту и охотится над лесами и пещерами после заката.
ENTITY_CINDER_EEL,Cinder Eel,シンダーイール,잿불 장어,烬火鳗,燼火鰻,Glutaal,Anguille de braise,Anguila de brasas,Enguia de brasas,Anguilla di brace,أنقليس الجمر,Пепельный угорь
ENTITY_DESCRIPTION_CINDER_EEL,A fierce lava swimmer that emerges at night and attacks anything nearby.,夜に現れて近くのものを襲う獰猛な溶岩の泳ぎ手です。,밤에 나타나 주변의 모든 것을 공격하는 사나운 용암 수영 생물입니다.,凶猛的熔岩游泳生物。夜间出现并攻击附近的一切。,兇猛的熔岩游泳生物。夜間出現並攻擊附近的一切。,Ein wilder Lavaschwimmer der nachts auftaucht und alles in der Nähe angreift.,Un féroce nageur de lave qui apparaît la nuit et attaque tout ce qui approche.,Un feroz nadador de lava que emerge de noche y ataca todo lo cercano.,Um nadador feroz de lava que surge à noite e ataca tudo ao redor.,Un feroce nuotatore di lava che emerge di notte e attacca tutto ciò che è vicino.,سباح حمم شرس يظهر ليلا ويهاجم كل ما يقترب.,Свирепый лавовый пловец который появляется ночью и атакует всё поблизости.
ENTITY_FOREST_FOX,Forest Fox,森のキツネ,숲여우,森林狐狸,森林狐狸,Waldfuchs,Renard des bois,Zorro del bosque,Raposa da floresta,Volpe del bosco,ثعلب الغابة,Лесная лиса
ENTITY_DESCRIPTION_FOREST_FOX,A quick orange forest wanderer that avoids danger and follows berry-like plants.,危険を避け、木の実のなる植物を追う素早いオレンジ色の森のキツネです。,위험을 피하고 열매 식물을 따라다니는 재빠른 주황색 숲여우입니다.,敏捷的橙色森林狐狸，会避开危险并寻找浆果类植物。,敏捷的橙色森林狐狸，會避開危險並尋找莓果類植物。,Ein schneller orangefarbener Waldfuchs der Gefahr meidet und Beerenpflanzen folgt.,Un renard orange rapide qui évite le danger et recherche les plantes à baies.,Un veloz zorro naranja que evita el peligro y sigue plantas con bayas.,Uma rápida raposa laranja que evita o perigo e procura plantas com frutos.,Una rapida volpe arancione che evita il pericolo e cerca piante con bacche.,ثعلب غابة برتقالي سريع يتجنب الخطر ويتبع النباتات ذات الثمار.,Быстрая рыжая лесная лиса которая избегает опасности и ищет ягодные растения.
ENTITY_SNOW_PENGUIN,Snow Penguin,雪のペンギン,눈 펭귄,雪地企鹅,雪地企鵝,Schneepinguin,Manchot des neiges,Pingüino de nieve,Pinguim da neve,Pinguino delle nevi,بطريق الثلج,Снежный пингвин
ENTITY_DESCRIPTION_SNOW_PENGUIN,A friendly cold-weather waddler that stays near ice and open water.,氷と開けた水辺の近くに暮らす友好的な寒冷地のペンギンです。,얼음과 탁 트인 물가에 머무는 친근한 추운 지방의 펭귄입니다.,友好的寒地企鹅，喜欢待在冰面和开阔水域附近。,友好的寒地企鵝，喜歡待在冰面和開闊水域附近。,Ein freundlicher Kältebewohner der in der Nähe von Eis und offenem Wasser bleibt.,Un sympathique habitant du froid qui reste près de la glace et de l’eau libre.,Un amistoso habitante del frío que permanece cerca del hielo y el agua abierta.,Um amigável habitante do frio que fica perto do gelo e de águas abertas.,Un amichevole abitante del freddo che resta vicino al ghiaccio e all’acqua aperta.,بطريق ودود يعيش في البرد ويبقى قرب الجليد والمياه المفتوحة.,Дружелюбный обитатель холода который держится возле льда и открытой воды.
ENTITY_SAND_CRAB,Sand Crab,砂ガニ,모래게,沙滩蟹,沙灘蟹,Sandkrabbe,Crabe des sables,Cangrejo de arena,Caranguejo da areia,Granchio della sabbia,سلطعون الرمال,Песчаный краб
ENTITY_DESCRIPTION_SAND_CRAB,A small beach crab that scuttles over sand and defends itself with bright claws.,砂の上を素早く歩き、鮮やかなハサミで身を守る小さな浜辺のカニです。,모래 위를 재빨리 다니며 밝은 집게발로 자신을 지키는 작은 해변 게입니다.,在沙地上横行、用鲜艳蟹钳保护自己的小型沙滩蟹。,在沙地上橫行、用鮮豔蟹鉗保護自己的小型沙灘蟹。,Eine kleine Strandkrabbe die über Sand huscht und sich mit leuchtenden Scheren verteidigt.,Un petit crabe de plage qui file sur le sable et se défend avec ses pinces colorées.,Un pequeño cangrejo de playa que corre por la arena y se defiende con pinzas brillantes.,Um pequeno caranguejo de praia que corre pela areia e se defende com garras coloridas.,Un piccolo granchio da spiaggia che corre sulla sabbia e si difende con chele vivaci.,سلطعون شاطئي صغير يتحرك فوق الرمل ويدافع عن نفسه بمخالبه الملونة.,Маленький пляжный краб который бегает по песку и защищается яркими клешнями.
ENTITY_MOSS_SLUG,Moss Slug,コケナメクジ,이끼 민달팽이,苔藓蛞蝓,苔蘚蛞蝓,Moosschnecke,Limace des mousses,Babosa de musgo,Lesma do musgo,Limaccia del muschio,بزاقة الطحلب,Моховой слизень
ENTITY_DESCRIPTION_MOSS_SLUG,A slow harmless slug that comes out in damp shade and seeks mossy plants.,湿った日陰に現れ、コケの植物を探すゆっくりした無害なナメクジです。,축축한 그늘에 나타나 이끼 식물을 찾는 느리고 해롭지 않은 민달팽이입니다.,缓慢无害的蛞蝓，会在潮湿阴影中出现并寻找苔藓植物。,緩慢無害的蛞蝓，會在潮濕陰影中出現並尋找苔蘚植物。,Eine langsame harmlose Schnecke die im feuchten Schatten erscheint und Moospflanzen sucht.,Une limace lente et inoffensive qui sort dans l’ombre humide et cherche la mousse.,Una babosa lenta e inofensiva que sale en la sombra húmeda y busca musgo.,Uma lesma lenta e inofensiva que aparece na sombra úmida e procura musgo.,Una limaccia lenta e innocua che esce nell’ombra umida e cerca il muschio.,بزاقة بطيئة غير مؤذية تظهر في الظل الرطب وتبحث عن الطحالب.,Медленный безобидный слизень который появляется во влажной тени и ищет мох.
REVIEW_SURVEY_TITLE,How is Tiny Block going?,Tiny Blockはどうですか？,Tiny Block을 즐기고 계신가요?,Tiny Block 体验如何？,Tiny Block 體驗如何？,Wie gefällt dir Tiny Block?,Comment se passe Tiny Block ?,¿Qué tal va Tiny Block?,Como está sendo Tiny Block?,Come sta andando Tiny Block?,كيف تسير تجربتك مع Tiny Block؟,Как вам Tiny Block?
REVIEW_SURVEY_BODY,Your feedback helps us make the game better.,ご意見はゲームの改善に役立ちます。,여러분의 의견은 더 나은 게임을 만드는 데 큰 도움이 됩니다.,您的反馈能帮助我们改进游戏。,您的意見能幫助我們改進遊戲。,Dein Feedback hilft uns das Spiel zu verbessern.,Vos commentaires nous aident à améliorer le jeu.,Tus comentarios nos ayudan a mejorar el juego.,Seu feedback nos ajuda a melhorar o jogo.,Il tuo feedback ci aiuta a migliorare il gioco.,تساعدنا ملاحظاتك على تحسين اللعبة.,Ваши отзывы помогают нам улучшать игру.
REVIEW_EXPERIENCE_GREAT,Great!,とても楽しい！,좋아요!,很棒！,很棒！,Großartig!,Super !,¡Genial!,Ótima!,Fantastica!,رائعة!,Отлично!
REVIEW_EXPERIENCE_BETTER,Could be better,改善の余地がある,더 좋아질 수 있어요,还可以更好,還可以更好,Könnte besser sein,Pourrait être mieux,Podría mejorar,Poderia melhorar,Potrebbe migliorare,يمكن أن تكون أفضل,Может быть лучше
REVIEW_ACTION_TITLE_GREAT,Glad you're enjoying it!,楽しんでいただけて嬉しいです！,즐겁게 플레이하고 계시다니 기쁘네요!,很高兴您喜欢这款游戏！,很高興您喜歡這款遊戲！,Schön dass es dir gefällt!,Ravis que le jeu vous plaise !,¡Nos alegra que te guste!,Que bom que está gostando!,Siamo felici che ti piaccia!,يسعدنا أنك تستمتع بها!,Рады что вам нравится!
REVIEW_ACTION_TITLE_BETTER,Thanks for telling us.,教えていただきありがとうございます。,알려주셔서 감사합니다.,感谢您告诉我们。,感謝您告訴我們。,Danke für dein Feedback.,Merci de nous l’avoir dit.,Gracias por contárnoslo.,Obrigado por nos contar.,Grazie per avercelo detto.,شكرا لإخبارنا.,Спасибо что рассказали.
REVIEW_ACTION_BODY,Choose either option — both are always available.,どちらのオプションもいつでも利用できます。,두 옵션 모두 언제나 선택할 수 있습니다.,两个选项始终都可用。,兩個選項始終都可用。,Beide Optionen sind immer verfügbar.,Les deux options sont toujours disponibles.,Ambas opciones están siempre disponibles.,As duas opções estão sempre disponíveis.,Entrambe le opzioni sono sempre disponibili.,كلا الخيارين متاحان دائما.,Оба варианта доступны всегда.
REVIEW_RATE_STORE,Rate Tiny Block,ストアで評価,스토어에서 평가하기,评价 Tiny Block,評價 Tiny Block,Tiny Block bewerten,Noter Tiny Block,Valorar Tiny Block,Avaliar Tiny Block,Valuta Tiny Block,قيّم Tiny Block,Оценить Tiny Block
REVIEW_SEND_FEEDBACK,Send private feedback,個別にフィードバックを送る,비공개 의견 보내기,发送私密反馈,傳送私人意見,Privates Feedback senden,Envoyer un avis privé,Enviar comentarios privados,Enviar feedback privado,Invia feedback privato,إرسال ملاحظات خاصة,Отправить личный отзыв
REVIEW_NOT_NOW,Not now,今はしない,나중에,暂不,稍後再說,Jetzt nicht,Pas maintenant,Ahora no,Agora não,Non ora,ليس الآن,Не сейчас
REVIEW_CONTINUE,Continue,続ける,계속하기,继续,繼續,Weiter,Continuer,Continuar,Continuar,Continua,متابعة,Продолжить
